Subject,Topic,Question,OptionA,OptionB,OptionC,OptionD,CorrectOption
History,PYQ mix,Which city is capital of India?,delhi,Jaipur,Raipur,Sikar,Delhi
History,PYQ mix,वायसराय कार्यकारिणी परिषद का पहला वित्त सदस्य था-,हनेरी लोरेन्स,एच. एच रिजले,जेम्स विल्सन,हेनरी कम्पबैल,जेम्स विल्सन
History,PYQ mix,इवान का मुगल वास्तुकला शब्दावली में अर्थ है-,एक मुख्य प्रवेश द्वार अथवा उच्च प्रवेश द्वार,"तहखाने का अवतल तत्व, जो प्रायः मेहराबदार होता है",कोनों सहित वर्गाकार अथवा आयताकार के रूप में सविन्यास,किसी भी आकार और योजना की स्तम्भीय रचना,किसी भी आकार और योजना की स्तम्भीय रचना
History,PYQ mix,निम्लिखित में से किस शाहजादे/अमीर के पुस्तकालय में सोलहवीं सदी के उत्तरार्द्ध में मुगल शैली में शाहनामा की सचित्र प्रति तैयार करवाई गई-,शाहजादा मुराद,शाहजादा खुर्रम,ख्वाजा अब्दुल माजिल आसफ खान,अब्दुल रहीम खान-ए-खाना,अब्दुल रहीम खान-ए-खाना
History,PYQ mix,चित्रकला को संरक्षण दिया-,हुमायूँ ने,हुमायूँ तथा अकबर ने,"हुमायूँ, अकबर तथा जहांगीर ने","हुमायूं, अकबर, जहांगीर तथा औरंगजेब ने","हुमायूँ, अकबर तथा जहांगीर ने"
History,PYQ mix,जहांगीर के दरबार के निम्नलिखित चित्रकारों में से कौन प्राकृतिक विषयों के चित्रण के लिए प्रसिद्ध था-,बिसन दास,अब्दुल हसन,उस्ताद मंसूर,आगा रजा,उस्ताद मंसूर
History,PYQ mix,मुगलकाल में प्रचलित 'शाहरूखी' सिक्का क्या था-,सोने का सिक्का,चाँदी का सिक्का,ताम्बे का सिक्का,इनमें से कोई नहीं,चाँदी का सिक्का
History,PYQ mix,अकबर के दरबार में निम्नलिखित चित्रकारों में से कौन कहार का पुत्र था-,दसवंत,बसावन,सैयद अली,मिस्किन,दसवंत
History,PYQ mix,भारतीय-इस्लामिक वास्तुकला में 'दोहरे गुम्बद' का प्रयोग क्यों किया गया जाता था-,भवन की मजबूती के लिए,भवन के अंदर ठण्डक बनाये रखने के लिए,भवन की ऊचाई बनाये रखने के लिए,सौन्दर्य बनाए रखने के लिए,भवन के अंदर ठण्डक बनाये रखने के लिए
History,PYQ mix,पुराने किले के सामने दिल्ली में खैरूल मंजिल नाम की मस्जिद का निर्माण किसने करवाया था-,हमीदा बानो बेगम,सलीमा बेगम,जीजी अंगा,माहम अंगा,माहम अंगा
History,PYQ mix,निम्नलिखित में से कौन विभिन्न राशियों की आकृति से युक्त सिक्के चलाये थे-,शाहजहाँ,अकबर,जहांगीर,औरंगजेब,जहांगीर
History,PYQ mix,कौन-सा युग्म सही नहीं है-,पीट्रा दुरा (पच्चीकारी) का प्रथम बार प्रयोग - एतमाद्-उद्-दौला,इस्लामी शैली का प्रथम मबकरा - बलबन का मकबरा,गुम्बद का प्रथम बार प्रयोग - कुअत - उल-इस्लाम,दक्षिण का ताजमहलं का मकबरा - बीबी का मकबरा,गुम्बद का प्रथम बार प्रयोग - कुअत - उल-इस्लाम
History,PYQ mix,निम्नलिखित में से कौनसा फतेहपुर सीकरी में स्थित नहीं है-,बुलन्द दरवाजा,पंच महल,सलीम चिश्ती की दरगाह,अकबर का मकबरा,अकबर का मकबरा
History,PYQ mix,निम्न में से किस इमारत को राजा मानसिंह ने नहीं बनवाया था-,"गोविन्द देव मन्दिर, वृंदावन","जगत शिरोमणि मन्दिर, आमेर","रोहतास का किला, बिहार","जल महल, नारनौल","जल महल, नारनौल"
History,PYQ mix,निम्नलिखित में से किस किले का निर्माण अकबर द्वारा नहीं कराया गया था-,आगरा का किला,लाहौर का किला,इलाहाबाद का किला,दिल्ली का किला,दिल्ली का किला
History,PYQ mix,शेरशाह प्रारम्भिक जीवन में 'अतालीक' नियुक्त हुआ-,बहार खां के अधीन,जलाल खां के अधीन,जमाल खां के अधीन,ताज खां के अधीन,जलाल खां के अधीन
History,PYQ mix,औरंगजेब के शासनकाल में चांदी के रुपया का वजन था-,176 ट्रॉय (ग्रेन),178 ट्रॉय,180 ट्रॉय,182 ट्रॉय,180 ट्रॉय
History,PYQ mix,निम्नलिखित में से किस इमारत का निर्माण औरंगजेब ने नहीं करवाया था-,औरंगाबाद में स्वयं का मकबरा,रबिया-उद्-दुर्रानी का मबकरा,मुसम्मन बुर्ज,बादशाही मस्जिद (लाहौर),मुसम्मन बुर्ज
History,PYQ mix,"मुगल राजनीति में जिन सैय्यद बंधुओं का उल्लेख मिलता है, वे हैं-",हुसैन अली एवं अब्दुल्ला खां,हुसैन खां एवं मुहम्मद खां,अब्दुल्ला खां एवं मुहम्मद खां,हुसैन खां एवं अहमदुल्ला,हुसैन अली एवं अब्दुल्ला खां
History,PYQ mix,कौनसा इतिहासकार कहता है कि कला-इतिहासकारों ने फतेहपुर सीकरी के राजमहल समूह को गलती से नगर-समूह का नाम दिया है-,जदुनाथ सरकार,मुहम्मद हबीब,सतीश चन्द,एस.के. सरस्वती,सतीश चन्द
History,PYQ mix,निम्नलिखित में से कौन-सा मुगल चित्रकार व्यंग्य चित्रकार था-,बसावन,मनोहार,मिस्किन,अबुल हसन,मिस्किन
History,PYQ mix,दिल्ली स्थित जामा मस्जिद की नींव किसने रखी-,सम्राट शाहजहाँ,महाबत खान,इस्लाम खान,सम्राट औरंगजेव,सम्राट शाहजहाँ
History,PYQ mix,अबुल फजल के अनुसार कौनसा चित्रकार आकृति अंकन में दक्ष था-,अब्दुल समद,दसवंत,मीर सैयद अली,बसावन,बसावन
History,PYQ mix,कौनसी इमारत 'दूसरे ताजमहल' के नाम से प्रसिद्ध है-,रबिया-उद-दुरानी मकबरा,शेरशाह का मकबरा,नूरजहां का मकबरा,जहांगीर का मकबरा,रबिया-उद-दुरानी मकबरा
History,PYQ mix,मुगल वास्तुकला निम्नलिखित में से किन शैलियों का सम्मेलन (समन्वय) है-,इस्लामी-गांधार-तुकी-अरवी,इस्लामी-गोथिक भारतीय-सीरियाई,शर्की-इस्लामी-अरबी-वैराक,इस्लामी-फारसी-तुर्की-हिन्दू,इस्लामी-फारसी-तुर्की-हिन्दू
History,PYQ mix,चित्रकला के संबंध में निम्नलिखित में से कौन-सा एक कथन सही नहीं है-,मुगल सम्राट हुमायूँ 1555 में ईरान से प्रमुख चित्रकारों अब्दुस समद और मीर सैयद अली को लाया।,अकबर ने एक विशाल चित्रशाला की स्थापना की जिसमें 1560 के दशक में हमजानामा को चित्रित किया गया।,जहाँगीर के कला में चित्रकला में यूरोप के प्रभाव को अस्वीकार किया गया।,"18वीं शताब्दी में,विशेषकर कृष्ण लीलाओं को प्रदर्शित करने वाली क्षेत्रीय चित्रकलाएं अस्तित्व में आयी।",जहाँगीर के कला में चित्रकला में यूरोप के प्रभाव को अस्वीकार किया गया।
History,PYQ mix,मुगल बैलस्टर स्तंभों (baluster columns) के -एकमात्र अवशेष के उदाहरण निम्नलिखित में से किस मुगल बादशाह के किला-महलों में मिलते हैं-,अकबर,जहांगीर,शाहजहां,औरंगजेब,शाहजहां
History,PYQ mix,निम्न में से कौनसा मुगल वास्तुकला में दोहरे गुम्बद का सबसे प्रारम्भिक उदाहरण माना जाता है-,"हुमायूं का मकबरा, दिल्ली","जामा मस्जिद, दिल्ली","एत्मादुद्दौला का मकबरा, आगरा","मोती मस्जिद, आगरा","हुमायूं का मकबरा, दिल्ली"
History,PYQ mix,निम्नलिखित में से किसको 'दोहरे गुम्बद' का प्राचीनतम उदाहरण माना जाता है-,"हुमायूं का मकबरा, दिल्ली","जामा मस्जिद, फतेहपुर सीकरी","एत्मादुदौला का मकबरा, आगरा","मोती मस्जिद, आगरा","हुमायूं का मकबरा, दिल्ली"
History,PYQ mix,"जब शाहजादा मुहम्मद कामबख्श ने उसका दायां हाथ काटने का आदेश दिया, तो सैफ खान ने कहा, 'यह नीच आचरण है, जो तुमने अपनी मां से पाया है। यह हाथ जिसे तुमने बिना किसी कसूर के कटवा दिया, इसी ने तुम्हें तीरंदाजी सिखाई थी।' उस मां की पहचान करें-",उदयपुरी बेगम,नवाब बाई,दिलरस बानो,नादिरा बेगम,उदयपुरी बेगम
History,PYQ mix,मुगलों के प्रसिद्ध गोलाकार गुंबदों के पूर्वगामी को वास्तुशिल्प की किस शैली के रूप में पहचाना जाता है-,बीदर,गुलबर्गा,गोलकुंडा,मांडू,बीदर
History,PYQ mix,चित्रकला की किस शैली को निहालचंद ने समृद्ध किया-,बूंदी,गुलेर,किशनगढ़,कोटा,किशनगढ़
History,PYQ mix,निम्नलिखित में से कौन सा स्मारक तुगलक-कालीन ढलावदार दीवार तकनीक के प्रयोग का अंतिम उदाहरण है-,हसन खान का मकबरा,ईसा खान का मकबरा,अधम खान का मकबरा,शेरशाह का मकबरा,ईसा खान का मकबरा
History,PYQ mix,निम्नलिखित में से कौनसा स्मारक पिएत्रा ड्यूरा कार्य के लिये प्रसिद्ध है-,कुतुब मीनार,ताजमहल,जहाँगीरी महल,हिण्डोला महल,ताजमहल
History,PYQ mix,एतमादुद्दौला का मकबरा बनवाया गया था-,अकबर के समय,बाबर के समय,हुमायूं के समय,जहाँगीर के समय,जहाँगीर के समय
History,PYQ mix,निम्नलिखित किस व्यक्ति का मकबरा भारत के बाहर स्थित है-,हुमायूं,जहांदरशाह,जहांगीर,औरंगजेब,जहांगीर
History,PYQ mix,"बीरबल भवन, तानसेन की बारादरी और खाने खाना का आवास स्थित है-",फतेहपुर सीकरी,आगरा,दिल्ली,लाहौर,फतेहपुर सीकरी
History,PYQ mix,निम्नलिखित में से कौन सही सुमेलित है-,बाबर -सिकंदरा,अकबर - खुसरोबाग,जहांगीर - चारबाग,औरंगजेब - खुल्दाबाद,औरंगजेब - खुल्दाबाद
History,PYQ mix,मकबरे की स्थापत्य कला में चारबाग व्यवस्था का भारत में सर्वप्रथम किसके मकबरे में प्रयोग मिलता है-,गियासुद्दीन तुगलक,शाहजहाँ,शेरशाह,हुमायूँ,हुमायूँ
History,PYQ mix,अकबर का चिश्ती सन्तों के प्रति गहरा सम्मान था और वह अजमेर में शेख मुइनुद्दीन चिश्ती की दरगाह पर हर वर्ष यात्रा पर जाता था। निम्न में से किस वर्ष से उसने प्रतिवर्ष अजमेर दरगाह की तीर्थयात्रा पर पैदल जाना बन्द किया-,1577,1579,1578,1580,1579
History,PYQ mix,"ताजमहल के निर्माण में राजस्थान से जो सामग्री भेजी गयी, वह स्थान था-",बयाना,मकराना,धौलपुर,जैसलमेर,मकराना
History,PYQ mix,निम्नलिखित में से किस स्थान पर मोती मस्जिद स्थित है-,लाल किले में,आगरा के किले में,फतेहपुर सिकरी में,बदायूं में,आगरा के किले में
History,PYQ mix,निम्नलिखित इमारतों में से कौनःसी इमारत 'शाने फतेहपुर' कही जाती है-,बुलंद दरवाजा,तुर्की सुल्ताना का महल,जामा मस्जिद,शहजादी अम्बर का महल,जामा मस्जिद
History,PYQ mix,औरंगजेब द्वारा सफेद संगमरमर में बनायी मस्जिद का नाम है-,दिल्ली की जामा मस्जिद,लाल किले की मोती मस्जिद,लाहौर की जामा मस्जिद,औरंगाबाद की बीबी का मकबरा,लाल किले की मोती मस्जिद
History,PYQ mix,"अतगा खान के मकबरे, जिसे उसके पुत्र मिर्जा अजीज कोका ने 1566-167 में बनवाया था, से संबद्ध वास्तुविद और सुलेखकार (खुशनवीस) को युग्म को चिन्हित कीजिए-",उस्ताद खुदा कुली और बाकी मुहम्मद।,मीरक सैयद गियास और मीरक मिर्जा गियास।,अहमद-अल-चिश्ती और रियाज बुखारी।,उस्ताद बिलाल और उस्तात कयामत हुसैन,उस्ताद खुदा कुली और बाकी मुहम्मद।
History,PYQ mix,"शाहजहाँ ने अपनी ज्येष्ठ पुत्री जहाँआरा के सम्मान में एक मस्जिद का निर्माण करवाया था, वह मस्जिद कहाँ स्थित है-",दिल्ली,आगरा,लाहौर,बुरहानपुर,आगरा
History,PYQ mix,"निम्नलिखित में से किस इतिहासकार के अनुसार 1592 में अकबर के साम्राज्य में लगभग 120 नगर और 3,200 कस्बे थे-",निजामुद्दीन अहमद,बदायूंनी,अबुल फजल,फैज़ी,निजामुद्दीन अहमद
History,PYQ mix,निम्नलिखित में से किस भारतीय स्मारक के परिसर में चार बाग अर्थात् चार वर्गाकार बगीचा है-,"अटाला मस्जिद, जौनपुर","जामा मस्जिद, कैम्बे","शेरशाह का मकबरा, सासाराम","हुमायूँ का मकबरा, दिल्ली","हुमायूँ का मकबरा, दिल्ली"
History,PYQ mix,मुगलकालीन वास्तुकला के बारे में किसने कहा कि मुगल काल भारतीय वास्तुकला का ग्रीष्मकाल है जो प्रकाश और उर्वरा का प्रतीक माना जाता जाता है-,स्मिथ,पर्सी ब्राउन,एलफिंस्टन,मार्शल,पर्सी ब्राउन
History,PYQ mix,सल्तनत चित्रकला को किस शैली ने मुगल शैली की चित्रकला की स्थापना के लिए मार्ग प्रशस्त किया है-,"चौरपंचाशिक, लौर चंदा और इण्डो-पर्शियन","पाल, कश्मीरी और लौर चंदा","चौरपंचाशिक, कश्मीरी और इण्डो-पर्शियन","इण्डो-पर्शियन, पाल और कश्मीरी","चौरपंचाशिक, लौर चंदा और इण्डो-पर्शियन"
History,PYQ mix,निम्नलिखित में से किन पूर्व शासकों से दिल जीतने के लिए एम्पाओं को भू-अनुदान दिए गए-,मेवाती,राजपूत,गुजरात के सुल्तान,अफगान,अफगान
History,PYQ mix,फतेहपुर सीकरी के भवनों में निर्माण के क्रम में अंतिम संरचना कौन सी है-,इबादतखाना,बीरबल का महल,चहार सुक,चहार सुक,चहार सुक
History,PYQ mix,अकबर द्वारा कौनसा भवन फतेहपुर सीकरी में निर्मित नहीं है-,दीवाने-आम,पंचमहल,दीवाने-खास,शीशमहल,शीशमहल
History,PYQ mix,"अकबर कालीन इमारत्त जिसके खम्बों पर विभिन्न धमों व सम्प्रदायों के निशान उभरे हुए हैं, वह है-",फतेहपुर सीकरी का पंच महल,अन्नासागर की बिरादरी,सिकन्दरा में अकबर का मकबरा,दिल्ली में हुमायूं का मकबरा,फतेहपुर सीकरी का पंच महल
History,PYQ mix,निम्नलिखित में से कौन-सी आगरा के किले में निर्मित पहली सफेद संगमरमर की इमारत है-,मोती मस्जिद,दीवाने आम,दीवाने खास,नगीना मस्जिद,दीवाने आम
History,PYQ mix,पीट्रा ड्यूरा नामक सजावट की विधि मुगल इमारतों में निम्नलिखित शासकों में से किसके शासनकाल के दौरान इस्तेमाल की जाने लगी-,हुमायूँ,जहाँगीर,शाहजहाँ,अकबर,जहाँगीर
History,PYQ mix,मुगल बादशाहों में चित्रकारी में कौन दिलचस्पी रखता था-,शाहजहां,जहांगीर,अकबर,औरंगजेब,जहांगीर
History,PYQ mix,किसका कथन है की 'बीस हजार लोगों ने ताजमहल के निर्माण के लिए अनवरत कार्य किया'-,मनूची,ट्रेवर्नियर,अब्दुल हमीद लाहौरी,शाहनवाज खान,ट्रेवर्नियर
History,PYQ mix,निम्नलिखित में से कौनसा कथन सही नहीं है-,फतेहपुर सीकरी मेहराबदार और धरणी-स्तम्भदार शैलियों का कौशलपूर्ण सम्मिश्रण है।,आगरा के किले और फतेहपुर सीकरी शहर के निर्माण में लाल बलुआ पत्थर प्रमुख सामग्री थी।,फतेहपुर सीकरी की योजना अकबर की धार्मिक नीतियों के अंतिम प्रारूप के बाद बनी थी।,अकबर का अपना स्वयं का मकबरा सिकंदरा में उसके बेटे जहांगीर द्वारा बनवाया गया।,फतेहपुर सीकरी की योजना अकबर की धार्मिक नीतियों के अंतिम प्रारूप के बाद बनी थी।
History,PYQ mix,"अकबर ने निम्नलिखित में से किसे आगरा के किले के निर्माण का अधीक्षक नियुक्त किया था, जिसकी ख्याति सैन्य अभियंता के साथ-साथ एक भवन निर्माता की भी थी-",कासिम खान,बहाउ\u200cद्दीन,सादुल्ला खान,फाजिल खान,कासिम खान
History,PYQ mix,कौनसा स्मारक फतेहपुर सीकरी में नहीं है-,स्वर्ण महल,पंच महल,जोधाबाई का महल,अकबरी महल,अकबरी महल
History,PYQ mix,शाहजहाँ अपने अमीरों द्वारा वास्तुकला संबंधी संरक्षण देने के लिए उनको पुरस्कृत करता था। कश्मीर में एक भव्य उद्यान के निर्माण के अलावा उपद्रवी जनता के साथ उसके कूटनीतिक व्यवहार के लिए किस अमीर को पदोन्नत किया गया था-,जैन खान,काहिद खान,जकरिया खान,जफर खान,जफर खान
History,PYQ mix,किसके शासनकाल को 'स्थापत्य कला का स्वर्णकाल' कहा जाता है-,अकबर,जहांगीर,शाहजहां,औरंगजेब,शाहजहां
History,PYQ mix,निम्नलिखित मुगल शासकों में से किसने यह दावा किया था कि वह यह अंतर कर सकता है कि किस चित्रकार ने रेखाचित्र बनाया और किसने उसमें रंग भरा है या उसका चेहरा तैयार किया-,हमायूँ,अकबर,जहाँगीर,औरंगज़ेब,जहाँगीर
History,PYQ mix,"उसके परदादा ने बहुत सारे पशुओं, पौधों और लोगों के बारे में लिखा था, लेकिन 'अपने चित्रकारों को उनकी तस्वीरें बनाने का आदेश नहीं दिया था।' इस शाही परदादा- प्रपौत्र की जोड़ी को चिन्हित करें -",बाबर - जहांगीर,हुमायूँ - शाहजहाँ,अकबर - औरंगजेब,जहाँगीर - बहादुर शाह - प्रथम,बाबर - जहांगीर
History,PYQ mix,किस स्मारक को 'दक्कन का ताजमहल' कहा जाता है-,बीबी का मकबरा,मोती मस्जिद,बागी मस्जिद,उपर्युक्त में से कोई नहीं,बीबी का मकबरा
History,PYQ mix,किसके शासनकाल में पोट्रेट चित्रकला का अत्यधिक विकास हुआ-,अकबर,जहांगीर,शाहजहां,बहादुरशाह,शाहजहां
History,PYQ mix,भारत के मुस्लिम वास्तुकला में नौ नोकदार मेहराबों का प्रयोग पहली बार कब किया गया था-,सिकन्दर लोदी के भवनों में,शेरशाह के भवनों में,नूरजहां के भवनों में,शाहजहां के भवनों में शाहजहां के भवनों में,शाहजहां के भवनों में शाहजहां के भवनों में
History,PYQ mix,1929 की भयंकर आर्थिक मंदी के कारण ब्रिटिश सरकार ने अपनी खराब वित्तीय स्थिति को सुधारने के लिए' कपास संरक्षण अधिनियम / क़ानून पारित किया-,1929,1930,1933,1932,1930
History,PYQ mix,ग्रेट ब्रिटेन और चीन के किंग राजवंश के बीच 'नानकिंग की संधि हस्ताक्षर की गई-,29 अगस्त 1847,29 अगस्त 1842,अगस्त 1838,29 अगस्त 1835,29 अगस्त 1842
History,PYQ mix,भारत का पहला लौह-इस्पात उद्योग था-,बाराकर आयरन वर्क्स,टाटा आयरन एण्ड स्टील कम्पनी,बर्न एण्ड कम्पनी,मैसूर स्टेट आयरन वर्क्स,बाराकर आयरन वर्क्स
History,PYQ mix,1833 के पश्चात ब्रिटेन के लिए भारतीय धन निकासी का एकल सर्वाधिक स्रोत था-,अफीम का निर्यात,नील का निर्यात,भारत में ब्रिटिश पूंजी निवेश,कपास का निर्यात,भारत में ब्रिटिश पूंजी निवेश
History,PYQ mix,सर थॉमस बर्टनसन समिति की सलाह पर कर्जन द्वारा रेलवे बोर्ड का गठन किया गया-,1900,1901,1902,1905,1905
History,PYQ mix,निम्न में से किस गवर्नर जनरल ने चाय समिति (टी कमेटी) का प्रस्ताव रखा था—,ऑकलैंड,बेंटिक,एलनबरो,लार्ड होर्डिंग,बेंटिक
History,PYQ mix,रजनी पाम दत्त के अनुसार माहलवाड़ी बंदोबस्त व्यवस्था भारत के कितने भू-भाग क्षेत्र पर लागू की गई थी-,19%,30%,51%,77%,30%
History,PYQ mix,कार्नवालिस ने वर्ष 1793 में किस स्थान पर स्थायी बंदोबस्त की शुरुआत की थी-,बंगाल और बिहार,"बंगाल, बिहार और उड़ीसा",बंगाल और मद्रास,बंगाल और बंबई,"बंगाल, बिहार और उड़ीसा"
History,PYQ mix,रजनी पाम दत्त के अनुसार स्थायी बंदोबस्त व्यवस्था भारत के कितने भू-भाग क्षेत्र पर लागू की गई थी-,19%,50%,51%,30,19%
History,PYQ mix,औपनिवेशिक काल के दौरान किस भारतीय ने 'भारत की आवश्यकताए और साधन तथा' ब्रिटिश शासन के लाभ' नामक लेख लिखे-,अम्बेडकर,बाल गंगाधर तिलक,एम. जी रानडे,दादाभाई नौरोजी,दादाभाई नौरोजी
History,PYQ mix,ब्रिटिश ईस्ट इंडिया कंपनी का चीन के साथ अधिकांशत: ______ के विनिमय का था—,मसाले,चाँदी,कागज,रेशम,चाँदी
History,PYQ mix,एसोसिएट चैंबर्स ऑफ़ कॉमर्स संगठन की स्थापना कब की गई थी—,1919,1924,1921,1926,1921
History,PYQ mix,Modern Cambridge economics: economic of the underdevelopment' पुस्तक के लेखक हैं-,अनीला चर्गिस,मोरिस डी मोरिस,अमिया बागची,जे. कृष्णमूर्ति और मारिक विकजियानी,अमिया बागची
History,PYQ mix,निम्नलिखित में से किसने मई 1867 में एक शोधपत्र 'इंग्लैण्ड 'स ड्यूटीज टू इंडिया' प्रस्तुत किया और वह धन निकासी के पहले मान्यताप्राप्त सिद्धांतकार थे-,आर. सी. दत्त,एम. जी. रानाडे,के. कीर हार्डी,दादाभाई नौरोजी,दादाभाई नौरोजी
History,PYQ mix,निम्नलिखित घटकों में से कौन सा दादाभाई नौरोजी द्वारा प्रतिपादित 'धन-निष्क्रमण' सिद्धान्त का हिस्सा नहीं था-,घरेलू देनदारी (होम चार्जेज),अप्रतिदत्त निर्यात,रेल कंपनियों को दिया गया गारंटी ब्याज,वि-उद्योगीकरण,वि-उद्योगीकरण
History,PYQ mix,पंजबा टेनेन्सी एक्ट कब लागू हुआ-,1835 ई.,1902 ई.,1891 ई.,1903 ई.,1902 ई.
History,PYQ mix,"जब भारत में 1853 में रेल लाइनें बिछाने की शुरुआत की जा रही थी, तो निम्नलिखित में से किसने टिप्पणी की थी यह आधुनिक उद्योग का वास्तविक अग्रधावक है""-",आर. पी. दत्त,दादाभाई नौरोजी,कार्ल मार्क्स,वी. आई. लेनिन,कार्ल मार्क्स
History,PYQ mix,भारत के अनेक व्यक्तियों में से तीन भारतीयों ने 1870-1905 के दौरान ब्रिटिश राज्य का ज्वलंत विश्लेषण किया। वह कौन थे-,"नौरोजी, रानाडे, आर. सी. दत्त","आर. सी. दत्त, तिलक, नेहरू","रानाडे, गोखले, आर. सी. दत्त","नौरोजी, तैयबजी, गोखले","नौरोजी, रानाडे, आर. सी. दत्त"
History,PYQ mix,रीड ने कब रैयतवाड़ी प्रयोग प्रारंभ किया—,1791,1792,1793,1790,1792
History,PYQ mix,इंडियन नेशनल कांग्रेस ने कई वर्ष के संकोच के बाद निम्नलिखित में से किस वर्ष धन निकासी के सिद्धांत को आधिकारिक रूप से स्वीकार कर लिया और यह घोषणा की कि भारत में अकाल और महागरीबी धन की निकासी द्वारा लाई गई हैं-,1894),1896,1904,1916,1896
History,PYQ mix,लार्ड कर्जन द्वारा रेलवे कमीशन नियुक्त किया गया-,1901 ई. में,1902 ई. में,1903 ई. में,1904 ई. में,1901 ई. में
History,PYQ mix,इंपीरियल लेजिस्लेटिव कौंसिल द्वारा कब आधिकारिक तौर पर बंधुआ मजदूरी को भारत में प्रतिबंधित कर दिया गया—,1916,1914,1917,1922,1917
History,PYQ mix,""" महालवाड़ी प्रणाली "" से अभिप्राय हैं—",बड़े सामंतों को आवंटित भूमि,उप किरायी देने गिरवी रखने हस्तांतरण करने उपहार देने विक्रय करने के अधिकार सहित हर किसान को बंटी भूमि,मालगुजारी के इजारेदारों अथवा तहसीलदारों को आवंटित भूमि,ग्राम्य स्तर पर की गई भराजस्व बंदोबस्ती,ग्राम्य स्तर पर की गई भराजस्व बंदोबस्ती
History,PYQ mix,निम्नलिखित में से कौन आर्थिक राष्ट्रवाद से संबंधित नहीं था-,आर. सी. दत्त,जी. वी. जोशी,एनी बेसेंट,दादाभाई नौरोजी,एनी बेसेंट
History,PYQ mix,______आधुनिक लेखक है/हैं जिन्होंने ब्रिटिश भारत में वि-उद्योगीकरण पर लिखा-,जे. कृष्णमूर्ति और मारिका विकजियानी,आमीया बागची,अ और ब दोनों,उपरोक्त में से कोई नहीं,अ और ब दोनों
History,PYQ mix,भारत से इंग्लैंड के लिए धन का निष्कासन किसके बाद आरम्भ हुआ-,स्थायी बन्दोबस्त के बाद,दीवानी प्राप्त करने के बाद,मीर कासिम को हटाने के बाद,मैसूर विजय के बाद,दीवानी प्राप्त करने के बाद
History,PYQ mix,वाणिज्य के इतिहास में उनकी दुर्दशा के बराबर कोई मिसाल नहीं मिलती। भारत में सूती कपड़ा बुनकरों की हड्डियां भारत के मैदानों का रंग सफेद बना रही हैं।' ब्रिटिश भारतीय बुनकरों की स्थिति के बारे में यह कथन किसने दिया था-,एडमंड बर्क,अल्फ्रेड लॉयल,कॉर्नवालिस,विलियम बेंटिक,विलियम बेंटिक
History,PYQ mix,ब्रिटिश शासन के दोरान आधुनिक उद्योगों के उदय से भारत में पारसी और मारवाड़ी परिवारों का भी उदय हुआ। निम्नलिखित में से किस मारवाड़ी परिवार ने ब्रिटिंमा फर्म रेलीस के साथ गठजोड़ किया-,जाटिया,झुनझुनवाला,गोयनका,ताराचंद घनश्यामदास,गोयनका
History,PYQ mix,ब्रिटिश ईस्ट इंडिया कंपनी ने किस वर्ष पहली बार चीन से व्यापार करने के लिए संपर्क स्थापित किया—,1699,1700,1701,1704,1701
History,PYQ mix,1897 में वेल्बी आयोग के समक्ष धन निष्कासन हेतु गवाही पेश करने के लिए लंदन जाने वाले निम्न सदस्यों में कौन सा सदस्य सम्मिलित नहीं था-,गोपाल कृष्ण गोखले,दिनसा वाचा,महागोविंद रानाडे,सुब्रमण्यम अय्यर,महागोविंद रानाडे
History,PYQ mix,दादाभाई नौरोजी द्वारा प्रचारित धन-निष्क्रमण सिद्धान्त का मूल तत्त्व किसमें निहित है-,शासक जाति के व्यापारियों द्वारा व्यापारिक गतिविधियों का दुरुपयोग।,रियासती राजाओं से अनुचित तरीके से प्राप्त धन और उसे इंग्लैण्ड भेजना,भारत से एक तरफा निर्यात।,ब्रिटिश उत्पादित वस्तुओं से भारतीय बाजार भर देना।,भारत से एक तरफा निर्यात।
History,PYQ mix,रैयतवाड़ी का प्रयोग 1792 में किसके द्वारा बहरामहल में किया गया था-,थॉमस मुनरो,एरिक स्ट्रोक,सर जॉन मैलकम,रीड,रीड
History,PYQ mix,मद्रास यातना आयोग कब गठित किया गया —,1852,1854,1855,1856,1854
History,PYQ mix,किसने कहा था कि 'ब्रिटिश शासन भारत का रक्त बहाने वाला नाला था'-,दादाभाई नौरोजी,एम. जी. रानाडे,आर. सी. दत्त,बाल गंगाधर तिलक,दादाभाई नौरोजी
History,PYQ mix,आधुनिक तकनीक पर आधारित कागज उद्योग से सम्बन्धित प्रथम कागज उत्पादक मिल की स्थापना कलकत्ता के निकट हुगली नदी के तट पर बैली या बाली नामक स्थान पर की गयी थी—,1870,1872,1867,1869,1870
History,PYQ mix,"निम्न में किसके द्वारा "" ओपन लेटेस्ट तो लॉर्ड कर्जन का पेमेंट फेमाइंस एंड लैंड एसेसमेंट इन इंडिया \' (1900) किसके द्वारा लिखा गया था—",रमेशचंद्र मजूमदार,रमेशचंद्र दत्त,रजनीपाम दत्त,दादाभाई नौरोजी,रमेशचंद्र दत्त
History,PYQ mix,थॉमस मुनरो से सत्तांतरित जिलों के भूमि राजस्व का प्रभार ग्रहण करने को कहा गया था—,1818,1820,1822,1824,1820
History,PYQ mix,"किस वर्ष लंदन में धन भेजने के लिए निर्गत सिक्कों से कमाए गए लाभ से एक स्वर्ण मानक रिजर्व बनाया गया, जो कि आंशिक रूप से विनिमय में आने वाले उतार-चढ़ाव को रोकने, होने वाले व्यय को पूरा करने, और सिक्का दलाई के लिए चांदी खरीदने हेतु किया गया था-",1893,1900,1913,1925,1893
History,PYQ mix,भारतीय राष्ट्रीय कांग्रेस के किस अधिवेशन में निकासी के सिद्धांत को औपचारिक रूप से स्वीकार किया गया-,"बनारस अधिवेशन, 1905","कलकत्ता अधिवेशन, 1906","सूरत अधिवेशन, 1907",इनमें से कोई नहीं,इनमें से कोई नहीं
History,PYQ mix,बॉम्बे स्पिनिंग एंड वेविंग नाम से भारत में दूसरी कपास मिल कब स्थापित की गई थी—,1852,1848,1856,1854,1854
History,PYQ mix,होम चार्जेज या ब्रिटेन में भारतीय सरकार के खर्चे में समाहित थे-,ब्रिटिश भारतीय अधिकारियों के पेंशन,भारत के लिए खरीदे गए सैन्य एवं अन्य भंडार,रेलवे के गारंटिड ब्याज,उपर्युक्त सभी,उपर्युक्त सभी
History,PYQ mix,मुंबई प्रेसिडेंसी में व्यवस्थित भू राजस्व व्यवस्था का प्रारंभ गुजरात में उसके अधिकरण के साथ शुरू हुआ—,1800,1801,1802,1803,1803
History,PYQ mix,"किस वर्ष ""औद्योगिकी आयोग"" का गठन किया गया-",1881,1908,1916,1936,1916
History,PYQ mix,अंग्रेजों द्वारा सूरत के बन्दरगाह का अधिकरण कब किया गया—,1798,1799,1700,1800,1800
History,PYQ mix,1855 का सहारनपुर कानून किससे संबंधित था—,रैयतवाड़ी व्यवस्था,स्थाई बंदोबस्त,महालवाड़ी व्यवस्था,चुटपुट व्यवस्था,महालवाड़ी व्यवस्था
History,PYQ mix,भारत में पहली कपास मिल स्थापित की गई—,"फ़ोर्ट ग्लोस्टर, कलकत्ता","फ़ोर्ट ग्लोस्टर,बम्बई","फ़ोर्ट ग्लोस्टर,अहमदाबाद","फ़ोर्ट ग्लोस्टर, मद्रास","फ़ोर्ट ग्लोस्टर, कलकत्ता"
History,PYQ mix,निम्नलिखित में से ब्रिटिश सरकार की नीतियों के फलस्वरूप भारतीय कृषक वर्ग की निर्धनता का कौनसा कारण था-,भू-अभिजात्य वर्ग का सृजन करना।,सिंचाई के उन्नत साधनों को सुलभ कराने में उदासीन होना।,कृषक वर्ग के लिए सस्ते बीत और उर्वरक का प्रबन्ध करने में असफल होना।,ब्रिटिश शासन के अधिकतम काल में कृषक वर्ग पर अधिक भूमि कर लगाना।,ब्रिटिश शासन के अधिकतम काल में कृषक वर्ग पर अधिक भूमि कर लगाना।
History,PYQ mix,वॉरेन हेस्टिंग्ज़ को कृषक वर्ग के साथ राजस्व बंदोबस्त करने के लिए किसने सुझाव दिया-,जॉर्ज मॉन्सन,जॉन क्लेवरिंग,रिचर्ड बारवेल,फिलिप फ्रांसिस,फिलिप फ्रांसिस
History,PYQ mix,निम्नलिखित में से कौन सा एक भारत में ब्रिटिश द्वारा अपनाई गई 'होम चार्जेज' नीति को वर्णित करता है-,लंदन में इंडिया ऑफिस में सेक्रेटरी ऑफ स्टेट और उनकी स्थापना के लिए भुगतान करना,शहरी क्षेत्रों में गृह कर और कृषि कर,भारत में आधारित संरचना विकास के लिए उदिष्ट निवेश की राशि,इंग्लैंड से भारत में तैयार माल के स्थानांतरण पर आने वाला प्रभार,लंदन में इंडिया ऑफिस में सेक्रेटरी ऑफ स्टेट और उनकी स्थापना के लिए भुगतान करना
History,PYQ mix,कंपनी काल के दौरान निरउद्योगीकरण का मुख्य कारण क्या था-,भारतीय हस्तशिल्प दबाव का सामना न कर पाए।,भारतीय बाजार इंग्लैण्ड से मशीन निर्मित कम मूल्यों की वस्तुओं से सटा पड़ा था।,भारतीय शासक देशीय हस्तशिल्पों को संरक्षण प्रदान नहीं कर सके।,स्थानीय जागीरदार और जमींदार लुप्त हो चुके थे।,भारतीय बाजार इंग्लैण्ड से मशीन निर्मित कम मूल्यों की वस्तुओं से सटा पड़ा था।
History,PYQ mix,निम्नलिखित में से कौन सा कथन औद्योगिक क्रांति के द्वारा उन्नीसवीं शताब्दी के पूर्वार्ध में भारत पर पड़े प्रभाव की सही व्याख्या करता है-,भारतीय दस्तकारी उद्योग नष्ट हो गए थे।,भारत के वस्त्र उद्योग में मशीनों का बड़ी संख्या में प्रवेश हुआ।,देश के अनेक भागों में रेलवे लाइनें बिछाई गई थी।,ब्रिटिश उत्पादन के आयात पर भारी शुल्क लगाया गया था।,भारतीय दस्तकारी उद्योग नष्ट हो गए थे।
History,PYQ mix,बंबई की आयुक्त चैप्लिन ने भू-राजस्व व्यवस्था के संबंध में मूल्यवान रिपोर्ट प्रस्तुत की-,1819-20,1832-34,1821-22,1820-21,1821-22
History,PYQ mix,1836 में निम्न में से किसने मद्रास से मुंबई तक रेलवे निर्माण की बात कही थी-,जॉर्ज आर्थर,जी. टी क्लार्क,सर. ए. पी कॉटन,सर थॉमस बर्टसन,सर. ए. पी कॉटन
History,PYQ mix,प्रथम अफीम युद्ध हुआ-,1837-39,1829-32,1839-42,1840-42,1839-42
History,PYQ mix,कुटीर उद्योगों के ह्रास का इनमें से कौनसा कारण नहीं था-,कच्चे माल के दामों में हेरफेर करना भारतीय उत्पादकों और कारीगरों के लिए हानिकारक सिद्ध हुआ।,"कंपनी के वाणिज्यिक ऐजेंट,गुमाश्तों,ने बुनकरों से अपनी मनचाही राशि पर हस्ताक्षर करने को मजबूर किया।",कंपनी की पुस्तक में जिन बुनकरों का अनुबन्ध था. उन्हें किसी और के साथ काम करने की अनुमति नहीं थी।,कारीगर मूक शासकों के आश्रय पर ज्यादा निर्भर हो गए।,कारीगर मूक शासकों के आश्रय पर ज्यादा निर्भर हो गए।
History,PYQ mix,दक्षिण एशियाई कपड़ा उद्योग में गिरावट क्यों आई थी-,ब्रिटिश मिलों से प्रतियोगिता।,चीनी सामान के लिए कम दाम।,भारत में उत्पादकता में गिरावट।,बुनकर संगठनों की कमजोरी।,ब्रिटिश मिलों से प्रतियोगिता।
History,PYQ mix,बंगाल में 10 वर्षीय बंदोबस्त लागू किया गया—,1791,1792,1793,1794,1793
History,PYQ mix,आर्थिक बहाव के सिद्धांत' की बात सर्वप्रथम किसने की-,गोपालकृष्ण गोखले,मोहम्मद अली जिन्ना,दादाभाई नौरोजी,श्यामजी कृष्ण वर्मा,दादाभाई नौरोजी
History,PYQ mix,महालवाड़ी प्रथा में किसके साथ राजस्व बंदोबस्त हुआ—,किसानों के साथ,जमीदारों के साथ,जमीदारों में किसानों के साथ साझा रूप से,ग्राम समुदाय के साथ समग्र रूप से,ग्राम समुदाय के साथ समग्र रूप से
History,PYQ mix,इनमें से क्या भारत से ब्रिटेन को जाने वाली आर्थिक (धन सम्पदा) निकासी का एक घटक नहीं था-,घरेलू व्यय,ईस्ट इंडिया कंपनी के शेयरधारकों को दिया जाने वाला लाभांश,नागरिक और सैनिक व्यय,बांटो और शासन करो,बांटो और शासन करो
History,PYQ mix,किसका तर्क है कि औपनिवेशिक काल में भारत में अनौद्योगिकीरण (विऔद्योगिकीरण) नहीं हुआ-,बिपनचंद्र,अमिय बागची,अनिल सील,मॉरिस डी मॉरिस,मॉरिस डी मॉरिस
History,PYQ mix,निम्न में से कौनसा वक्तव्य औपनिवेशकालीन भारतीय निकास के स्त्रोतों के बारे में सही नहीं है-,गृह व्यय' पर बहुत ज्यादा पूंजी का लगना,इंग्लैंड से लेखन-सामग्री खरीदने की सरकारी नीति,दो बिलियन पौंड का अधिशेष फंड स्थापित करना,विदेशी कर्जे का ब्याज,दो बिलियन पौंड का अधिशेष फंड स्थापित करना
History,PYQ mix,वि-औद्योगीकरण किसको संदर्भित करता है-,पारंपरिक शहरी केन्द्रों को,रेगिस्तानी गांव,स्वदेशी शिल्प की कमी,उपरोक्त सभी,उपरोक्त सभी
History,PYQ mix,वह प्रथम भारतीय कौन था जिसने 'आर्थिक निकासी' के सिद्धांत की ब्रिटिश पार्लियामेंट के हाउस में भर्त्सना की थी-,गोपालकृष्ण गोखले,दादाभाई नौरोजी,मोहम्मद अली जिन्ना,श्यामजी कृष्ण वर्मा,दादाभाई नौरोजी
History,PYQ mix,दादाभाई नौरोजी ने किसका विरोध किया-,भारत में ब्रिटिश शासन का,भारत से धन निष्कासन का,भारत में सामाजिक कानूनों का,भारत में शिक्षा प्रणाली का,भारत से धन निष्कासन का
History,PYQ mix,पूंजीपतियों द्वारा कब फिक्की ( एफ.आई.सी.सी आई ) संगठन की स्थापना की गई थी—,1922,1924,1927,1929,1927
History,PYQ mix,किस वर्ष 'औद्योगिकी आयोग' ने अपनी रिपोर्ट प्रस्तुत की-,1916,1917,1918,1919,1918
History,PYQ mix,फिक्की (F.IC.C.I) संगठन अध्यक्ष थे-,अंबालाल साराभाई,मधुसूदन,रमेश चंद्र मजूमदार,पुरषोत्तमदास ठाकुरदास,पुरषोत्तमदास ठाकुरदास
History,PYQ mix,ब्रिटेन में कॉटन सप्लाई संगठन ( कपास आपूर्ति संघ  ) की स्थापना कब हुई थी—,1852,1855,1857,1854,1857
History,PYQ mix,"1916 में प्रस्तुत औद्योगिकी की रिपोर्ट का एक महत्वपूर्ण भाग "" सकारात्मक राज्य कार्रवाई "" किसके द्वारा लिखा था—",गोपाल गोखले,महागोविंद रानाड़े,महात्मा गाँधी,मदन मोहन मालवीय,मदन मोहन मालवीय
History,PYQ mix,किसने शिकायत की थी कि भू-राजस्व के दुष्प्रभाव के कारण एक-तिहाई बंगाल 'वनचरों क निवास योग्य जंगल' में प्रत्यावर्तित हो गया है-,लॉर्ड क्लाइव,लॉर्ड कार्नवालिस,लॉर्ड कर्जन,वारेन हेस्टिंग्स,लॉर्ड कार्नवालिस
History,PYQ mix,भारत में सबसे पहले किस गवर्नर जनरल ने दक्षिण भारत में कावेरिपट्टनम से करूड तथा मद्रास से बेंगलुरु तक रेल चलाने का सुझाव दिया—,डलहौजी,विलियम बेंटिक,ऑकलैंड,लॉर्ड कैनिंग,विलियम बेंटिक
History,PYQ mix,किसने माना कि ब्रिटिश आर्थिक नीति भारत में घृणित है-,एडम स्मिथ,दादाभाई नौरोजी,कार्ल मार्क्स,बाल गंगाधर तिलक,कार्ल मार्क्स
History,PYQ mix,भीमराव अम्बेडकर द्वारा 'The problem of the Rupee : its origin and its solution' कृति निम्न में से किस वर्ष लिखी गई थी—,1923,1926,1936,1943,1923
History,PYQ mix,भारत में अनुबंध मजदूरी व्यवस्था ( बंधुआ मजदूरी) का प्रारंभ कब हुआ—,1830,1832,1834,1836,1834
History,PYQ mix,ताराशंकर बंद्योपाध्याय के उपन्यास 'गणदेवता' में निम्न में से किस प्रथा का पतन प्रदर्शित किया गया है-,जमींदारी,रैयतवाड़ी,जजमानी,महलवाड़ी,जजमानी
History,PYQ mix,निम्नलिखित नेताओं में से कौन दादाभाई नौरोजी के निगर्मन सिद्धांत में विश्वास नहीं करता था-,बाल गंगाधर तिलक,आर. सी. दत्त,एम. जी. रानाडे,सर सैयद अहमद खान,सर सैयद अहमद खान
History,PYQ mix,बबिंगटन समिति का सम्बन्ध किससे हैं—,अकाल राहत प्रदान करने हेतु,कृषि सुधारो हेतु,भारत सरकार की वित्तीय और मुद्रा प्रणाली की जांच हेतु,प्रांतो व केंद्र के केंद्र के मध्य प्रशासनिक समन्वय हेतु,भारत सरकार की वित्तीय और मुद्रा प्रणाली की जांच हेतु
History,PYQ mix,वेल्बी आयोग ने कब अपनी रिपोर्ट प्रस्तुत की—,1907,1905,1908,1909,1908
History,PYQ mix,Tιƙαɱ αɱႦҽԃƙαɾ:\nनिम्नलिखित में उस क्षेत्र की पहचान कीजिए जहां सिंधु सभ्यता के पुरास्थल नहीं मिले हैं-,बलूचिस्तान,उत्तर-पश्चिमी सीमावर्ती प्रांत का पहाड़ी क्षेत्र,निम्न हिमालय क्षेत्र,उत्तरी महाराष्ट्र,निम्न हिमालय क्षेत्र
History,PYQ mix,"बसावन जिनके सम्पर्क में आकर यूरोपीय चित्रकला की तकनीक में रुचि लेने लगे, वे थे-",जैसुइट मिशनरी,ईरानी चित्रकार,तुर्की चित्रकार,यूरोपीय राजदूत,जैसुइट मिशनरी
History,PYQ mix,निम्नलिखित में से किस राजस्व प्रणाली को बंदोबस्त प्रणाली के रूप में भी जाना जाता है-,जबती,बटाई,नसक,कंकुट,जबती
History,PYQ mix,किस मुगल राजकुमार ने गढ़वाल के राजा के दरबार में शरण ली-,खुर्रम,मुराद,खुसरो,सुलेमान शिकोह,सुलेमान शिकोह
History,PYQ mix,हम्जनामा की चित्रकारी किसके आदेश पर बनाई गई-,अकबर,जहाँगीर,शाहजहाँ,औरंगजेब,अकबर
History,PYQ mix,"निम्नलिखित मुगल चित्रकारों में से कौनसा चित्रकार अपने चित्रों में पक्षियों, जानवरों, पेड़ों तथा फूलों के चित्रण में दक्ष था-",अब्दुस्समद,मिस्किन,मंसूर,विचित्तर,मंसूर
History,PYQ mix,द ग्रेट फर्म थियरी ऑफ द डिकनाइलन ऑफ द मुगल एम्पायर' का लेखक है-,केरन लियोनार्ड,के.ए. निज़ामी,पी.ई. राबर्ट्स,एस.ए.ए. रिजवी,केरन लियोनार्ड
History,PYQ mix,प्रसिद्ध प्रेम कथा 'हीर रांझा' की रचना किसने की-,सचल सरमस्त,वारिस शाह,अब्दुल लतीफ,सामी,वारिस शाह
History,PYQ mix,किस मुगल बादशाह के काल में मुगल चित्रकला में प्राकृतिक दृश्यों का चित्रण अपनी पराकाष्ठा पर रखा गय था-,हुमायूँ,अकबर,जहाँगीर,शाहजहाँ,जहाँगीर
History,PYQ mix,किस कला मर्मज्ञ ने जहाँगीर को 'मुगल चित्रकला की आत्मा' कहा है-,रायकृष्णदास,कुमारस्वामी,पर्सी ब्राउन,मोतीचन्द्र,पर्सी ब्राउन
History,PYQ mix,निम्न में से कौन सा शहर मुगल काल में एक महत्वपूर्ण व्यापारिक केन्द्र नहीं था-,लाहौर,आगरा,बुरहानपुर,गोलकुण्डा,गोलकुण्डा
History,PYQ mix,निम्नलिखित में से कौनसी चित्रकला भारतीय पर्शियन एवं इस्लामिक शैली का एक अनूठा मिश्रण प्रस्तुत करती है-,पहाड़ी,राजस्थानी,गुजराती,मुग़ल,मुग़ल
History,PYQ mix,हुमायूँ व खान-ए-खाना के मकबरे की वास्तुकलां से प्रेरित होने वाला ताजमहल का वास्तुकार था-,मुहम्मद हनीफ,उस्ताद ईसा,अमानत खान,उस्ताद अहमद,उस्ताद अहमद
History,PYQ mix,निम्नलिखित में से किसके शासनकाल में मीर सैय्यद अली भारत आया था-,बाबर,अकबर,हुमायूँ,जहाँगीर,हुमायूँ
History,PYQ mix,शाहजहाँ के काल में मुगल चित्रकला का आकर्षण बिन्दु हो गया-,प्रकृति,व्यक्तिवादी,धर्म,पंजाब की लोक कथाएँ,व्यक्तिवादी
History,PYQ mix,"मुगलकालीन चित्रकार, जो शिकार के चित्र बनाने में निपुण था-",मनोहर,मंसूर,बिशनदास,मुहम्मद नादिर,मनोहर
History,PYQ mix,मुगल दरबार में यूरोपीय चित्रकला का प्रवेश किसने कराया-,पुर्तगाली,डच,अंग्रेज,फ्रांसीसी,पुर्तगाली
History,PYQ mix,निम्नलिखित में से मुगल चित्रशैली में कौनसा कलाकार पशु आकृक्तियों के लिये सुप्रसिद्ध था-,माणकू,मंसूर,निहालचन्द,बसावन,मंसूर
History,PYQ mix,अकबर कालीन किस भवन/किस भवनों की स्थापत्य योजना को बौद्ध स्थापत्य से प्रेरणा मिली थी-,फतेहपुर सीकरी का पंचमहल,सिकन्दरा में अकबर का मकबरा,उपर्युक्त (1) और (2) दोनों,फतेहपुर सीकरी में इबादतखाना,उपर्युक्त (1) और (2) दोनों
History,PYQ mix,निम्नलिखित में से अकबर की विजयों के बारे में तिथि क्रमानुसार कौन सा सही है-,"मेड़ता, चुनार, रणथम्भोर, कालिंजर.","चुनार, मेड़ता, रणथम्भोर, कालिंजर","रणथम्भोर, चुनार, कालिंजर, मेड़ता","कालिंजर, चुनार, रणथम्भोर, मेड़ता","चुनार, मेड़ता, रणथम्भोर, कालिंजर"
History,PYQ mix,"इनमें से किसके पास अकबरी रामायण की प्रति थी, जिसकी उन्होंने सत्रहवीं शताब्दी की शुरूआत में, एक प्रतिलिपि तैयार करने और उसके सचित्रण हेतु अपनी शिल्पशाला को निर्देश दिया था-",अबुल फजल,फैज़ी,अब्दुर रहीम खानखाना,मुनीम खान,अब्दुर रहीम खानखाना
History,PYQ mix,"पक्षियों, पशुओं एवं फूलों के अपने चित्रांकन के लिए खासतौर पर विख्यात मुगल शैली का चित्रकार था-",विचित्र,मिस्किल,अब्दुस समद,उस्ताद मंसूर,उस्ताद मंसूर
History,PYQ mix,किस सिक्ख गुरु को जहाँगीर ने कैद किया-,गुरु अर्जुनदेव,गुरु हरगोविंद,गुरु हरसहाय,गुरु तेग बहादुर,गुरु हरगोविंद
History,PYQ mix,ताजमहल पर कुरान की आयतें लिखने वाला सुलेखक था-,अब्द अल हक अमानत खान शिराजी,उस्ताद अहमद लाहोरी,मीर अब्दुल करीम,उस्ताद अहमद अब्दुल्ला शिराजी,अब्द अल हक अमानत खान शिराजी
History,PYQ mix,किस मुगल बादशाह ने 'वकील' का पद शक्तिहीन बना दिया-,अकबर,जहाँगीर,शाहजहाँ,हुमायूँ,अकबर
History,PYQ mix,निम्नलिखित में से कौन सा युग्म सुमेलित नहीं है-,तीर्थ यात्रा कर का उन्मूलन-1562,जजिया का उन्मूलन-1564,महज़र की उद्घोषणा-1580,दीन-ए-ईलाही की स्थापना - 1582,तीर्थ यात्रा कर का उन्मूलन-1562
History,PYQ mix,मध्यकाल में निम्नलिखित में से कौन-सी यूरोपियन शक्ति ने भारत से व्यापारिक संबंध स्थापित किए-,पुर्तगाली,अंग्रेज,डच,फ्रांसीसी,पुर्तगाली
History,PYQ mix,निम्नलिखित में से हमजानामा चित्र के प्रसिद्ध कार्य के रूप में जाना जाता है-,बाबर काल,अकबर काल,शाहजहाँ काल,जहाँगीर काल,अकबर काल
History,PYQ mix,चित्रकार साइफाबानो व नादिराबानो किसके शासनकाल में हुई थी-,अकबर,जहांगीर,शाहजहां,औरंगजेब,जहांगीर
History,PYQ mix,1560 ई; के पश्चात् अकबर का पहला और अन्तिम विजय अभियान क्रमशः था-,गुजरात; खानदेश,मालवा; मेड़ता,मालवा; असीरगढ़,कढकटंगा; काबुल,मालवा; असीरगढ़
History,PYQ mix,बदायूँनी के अनुसार अकबर ने जजिया किस वर्ष समाप्त किया था-,1579,1580,1564,1575,1579
History,PYQ mix,नीचे दिए विकल्पों में से सही उत्तर का चयन कीजिए :,"(A)-(II), (Bi)-(IV), (C)-(I), (D)-(III)","(A)-(IV), (B)-(III), (C)-(II), (D)-(I)","(A)-(II), (B)-(I), (C)-(IV), (D)-(II)","(A)-(III), (B)-(II), (C)-(III), (D)-(IV)","(A)-(IV), (B)-(III), (C)-(II), (D)-(I)"
History,PYQ mix,किसको जहाँगीर ने 'नादिर-उल-असर' की उपाधि दी-,अबुज फजल,अब्दुल समद,आकारिजा,उस्ताद मंसूर,उस्ताद मंसूर
History,PYQ mix,बाग-ए-निलोफर' का निर्माण किस मुगल शासक ने करवाया-,शाहजहाँ,जहाँगीर,अकबर,बाबर,बाबर
History,PYQ mix,मुगल बादशाह जिसने पहली बार उर्दू को प्रोत्साहित किया-,शाहजहाँ,मुहम्मद शाह,औरंगजेब,बहादुर शाह,मुहम्मद शाह
History,PYQ mix,नीचे दिए गए विकल्पों में से सही उत्तर का चयन कीजिए-,"(A)-(iii), (B)-(i), (C)-(iv), (D)-(ii)","(A)-(ii), (B)-(iv), (C)-(iii), (D)-(i)","(A)-(iv), (B)-(ii), (C)-(i), (D)-(iii)","(A)-(i), (B)-(iii), (C)-(ii), (D)-(iv)","(A)-(iii), (B)-(i), (C)-(iv), (D)-(ii)"
History,PYQ mix,निम्नलिखित में से कौन एक चित्रकार था-,अकबर,जहाँगीर,हुमायूँ,शाहजहाँ,जहाँगीर
History,PYQ mix,अकबरकालीन निम्नांकित घटनाओं में कौन-सा युग्म सही सुमेलित नहीं है-,मेड़ता को हस्तगत करना - 1562,असीरगढ़ का घेरा - 1601,गोड़वाना की विजय - 1564,उड़ीसा की विजय - 1582,उड़ीसा की विजय - 1582
History,PYQ mix,निम्न में से किस मुगल पाण्डुलिपि को अकबर ने सर्वप्रथम चित्रित करने का आदेश दिया था-,हम्जानामा,तारीख-ए खानदान ए तैमूरिया,बाबरनामा,रज्मनामा,हम्जानामा
History,PYQ mix,सियाही कलम या नीम कलम तकनीक निम्नलिखित में से किस क्षेत्र से चित्रकारों द्वारा भारत में लाई गई-,अरेबिया,ईरान,ट्रांसऑक्सियाना,तुर्की,ट्रांसऑक्सियाना
History,PYQ mix,शाहजादा सलीम के रूप में जहांगीर ने किस स्थान पर अपनी स्वतंत्र चित्रकला की कार्यशाला स्थापित की थी-,इलाहाबाद,अवध,ग्वालियर,मांडू,इलाहाबाद
History,PYQ mix,वह कौनसा हिन्दू चित्रकार था जो जहांगीर द्वारा ईरान के शाह अब्बास प्रथम का छायाचित्र बनाने के लिए भेजा गया था-,बसावन,दसरथ,बिशनदास,मनोहर,बिशनदास
History,PYQ mix,जागीर क्या है-,कोई जो चोरी करता है।,सामंत का दूसरा नाम,भूमि का टुकड़ा,संगीत वाद्ययंत्र,भूमि का टुकड़ा
History,PYQ mix,निम्नलिखित में से किस शासक के अधीन 'तूतीनामा' को चित्रित किया गया था-,अकबर,शाहजहाँ,जहाँगीर,हुमायूँ,अकबर
History,PYQ mix,नीचे दिए गए विकल्पों में से सही उत्तर का चयन कीजिए:,"(A)-(iii), (B)-(ii), (C)-(iv), (D)-(i)","(A)-(ii), (B)-(iv), (C)-(i), (D)-(iii)","(A)-(i), (B)-(ii), (C)-(iii), (D)-(vi)","(A)-(iv), (B)-(i), (C)-(ii), (D)-(iii)","(A)-(ii), (B)-(iv), (C)-(i), (D)-(iii)"
History,PYQ mix,निम्नलिखित ईरानी चित्रकारों में से पिता-पुत्र का कौन-सा जोड़ा हुमायूं के दरबार में था-,मीर मुसव्विर और सैय्यद अली,दस्त मुहम्मद और सैय्ययद अली,अब्दुस समद और सैय्यद अली,मीर मुसव्विर और अब्दुस सैय्ययद,मीर मुसव्विर और सैय्यद अली
History,PYQ mix,निम्नलिखित अधिकारियों में से कौन मुगल कालीन भारत में शहरों के प्रशासन से संबद्ध नहीं था-,नाज़िम,कोतवाल,काजी,मीर-ए-अदुल,नाज़िम
History,PYQ mix,हबीब-अल-सियार' किसने लिखी-,मिर्जा हैदर दुगलत,जुतुद्दीन ख्वाजा,ख्वांद मीर,हुसैन मिर्जा,ख्वांद मीर
History,PYQ mix,निम्नलिखित में से कौन सा चित्रकार अकबर के दरबार से संबद्ध नहीं था-,बिसनदास,सैय्यद अली,बसावन,मुकुन्द,बिसनदास
History,PYQ mix,मुगल प्रशासन में मीर बहरी (मीर ए बहर) किसे कहते हैं-,राजस्व विभाग के प्रमुख को,शाही जहाजों के प्रभारी को,शाही परिवार के प्रमुख को,शाही परिवार के समारोहों के प्रभारी को,शाही जहाजों के प्रभारी को
History,PYQ mix,निम्नलिखित में से किस स्थान पर अकबर का मकबरा स्थित है-,आगरा,सिकन्दरा,फतेहपुर सीकरी,दिल्ली,सिकन्दरा
History,PYQ mix,निम्नलिखित राजपूतों में से किसने सबसे पहले स्वेच्छा से अकबर की अधीनता स्वीकार की-,हदस,सिसोदिया,राठौर,कच्छवाह,कच्छवाह
History,PYQ mix,हुमायूं के दरबार में नियुक्त होने से पहले मीर सैयद अली ने अपना कौन सा चित्र बनाया था-,अ यंग प्रिन्स राइडिंग,काउ एंड काफ,स्कूल सीन,अ मेनुस्क्रिप्ट अटेलियर,स्कूल सीन
History,PYQ mix,मुगलकालीन भारत की शहरी आबादी 1601 के लगभग थी-,12 प्रतिशत,13 प्रतिशत,14 प्रतिशत,15 प्रतिशत,15 प्रतिशत
History,PYQ mix,निम्नलिखित में से कौन-सा शासक दो बार गद्दी पर बैठा था-,जहाँगीर,हुमायूँ,अकबर,शाहजहाँ,हुमायूँ
History,PYQ mix,मुगल काल में सुखेत मंडी प्रसिद्ध थी-,नील उत्पादन केन्द्र के रूप में,ताँबे की खानों के कारण,तलवार निर्माण केन्द्र होने के कारण,इरी सिल्क के कारण,ताँबे की खानों के कारण
History,PYQ mix,"1570 ई; की कृति 'नुजूम-उल-उल्म' की प्रसिद्धि का कारण उसका चित्र संग्रह है, जो मुख्यतः किस शैली के हैं-",राजस्थानी,दक्कनी,मुगल,पहाड़ी,दक्कनी
History,PYQ mix,मध्यकालीन भारत में पाई काश्त किन्हें कहा जाता था-,उत्तरी भारत में कृषि भूमि के मालिक को,उत्तरी भारत में भूमिहीन किसान को,उत्तरी भारत में सामन्तों को,दक्षिणी भारत के भूमिहीन किसान को,उत्तरी भारत में भूमिहीन किसान को
History,PYQ mix,कुमाऊँ का कौन सा शासक शाहजहाँ के दरबार में उपस्थित हुआ?,रूद्र चंद्र,ज्ञान चंद,बाजबहादुर चंद,कीर्तिचंद,बाजबहादुर चंद
History,PYQ mix,मुगलकाल में भारत से निर्यात का अधिकतम भाग किस वस्तु का था-,सूती वस्त्र,सोना,शक्कर,ताम्बा,सूती वस्त्र
History,PYQ mix,निम्नांकित चित्रकारों में से जहाँगीर ने किसे नादिर-उज़-ज़मा की उपाधि प्रदान की थी-,अबुल हसन,बिशनदास,मंसूर,मनोहर,अबुल हसन
History,PYQ mix,निम्नलिखित में से कौन-से चित्रकार बंधु अकबर के दरबार में थे-,असि-मिस्किन,नंद-रामदास,मुखलिस-अली,नन्हा-बिशनदास,असि-मिस्किन
History,PYQ mix,मुगलकालीन संस्कृत ग्रन्थ 'जानकी परिणय' का लेखक था-,जगन्नाथ कवि,धनंजय वर्मा,चक्र कवि,नाभादास,चक्र कवि
History,PYQ mix,निम्न में से कौन-सा युग्म सुमेलित नहीं है-,जहाँगीर - विलियम हॉकिन्स,अकबर - टॉमस रो,शाहजहाँ - ट्रेवरनियर,औरंगजेब - मनूची,अकबर - टॉमस रो
History,PYQ mix,"उस चित्रकार का नाम बताइए जिसने शाहजहाँ के शासनकाल के दौरान 'सूफी गायकों' की प्रसिद्ध पेंटिंग बनाई थी, जिसमें आदमियों को आम रास्तों के किनारे दर्शाया गया है। इसे मुगल काल की एक उत्कृष्ट कृति माना जाता है-",विचित्र,मंसूर,दसवंत,अब्दुस समद,विचित्र
History,PYQ mix,"मुगलकाल में चिंकारा की पारदर्शी खाल के टुकड़े पर अनुरेखण करके रेखाचित्र बनाया जाता था, इसे क्या कहा जाता था-",चरबा,किता,कलम,खत,चरबा
History,PYQ mix,दीवान-ए-वज़ीरात-ए-कुल नाम के नये पद का गठन किया था-,शाहजहाँ ने,औरंगजेब ने,अकबर ने,जहाँगीर ने,अकबर ने
History,PYQ mix,"बाबर ने भारत में नई सैन्य युक्तियों को शुरू किया। इनमें छकड़ों/गाड़ियों को लोहे की चेनों से बांध कर रखना, उन्हें खाइयों से सुरक्षित करना और बगली दस्ते (तुलगुमा) मुहैया कराने जैसी युक्तियाँ शामिल थीं-",ऑटोमन तथा सफाविदों से,ऑटोमन और उजबेकों से,चीन और मध्य एशिया से,उजबेकों और सफाविदों से,ऑटोमन और उजबेकों से
History,PYQ mix,निम्नलिखित में से मुगल चित्रकारों के बारे में कौन सा कथन सत्य नहीं है-,मुगल पेंटिंगों ने छायांकन पर परिप्रेक्ष्य जैसी कुछ पश्चिमी तकनीकों को अवशोषित किया।,मुग़ल स्कूल ऑफ पेंटिंग बाबर के शासन में आरम्भ हुई।,मुगल चित्रकारी अपने विषय में धर्मनिरपेक्ष है।,यह पेंटिंग की स्वदेशी भारतीय शैली और फारसी पेंटिंग के सफविद स्कूल का एक संश्लेषण था।,मुग़ल स्कूल ऑफ पेंटिंग बाबर के शासन में आरम्भ हुई।
History,PYQ mix,अलतमगा जागीर देने का चलन आरम्भ किया था-,जहाँगीर ने,अकबर ने,शाहजहाँ ने,औरंगजेब ने,जहाँगीर ने
History,PYQ mix,"जहाँगीर ने उसे प्रतिकृति चित्रकला में बेजोड़ पाया, वह कलाकार था-",बिशनदास,बसावन,अब्दल समद,अबुल हसन,अबुल हसन
History,PYQ mix,कर निर्धारण और एकत्र करने की नजर पाहणी व्यवस्था किसने प्रारम्भ कराया था-,सादत खां,टोडरमल,मलिक अम्बर,मेहमूद गवाँ,मलिक अम्बर
History,PYQ mix,नूरजहाँ मूलतः निवासी थी-,इराक्,सीरिया,ईरान,तुर्किस्तान,ईरान
History,PYQ mix,निम्न में से कौन जहाँगीर के समय का चित्रकार नहीं है-,मंसूर,ख्वाजा अब्दुस समद,अबुल हसन,मनोहर,ख्वाजा अब्दुस समद
History,PYQ mix,दूर से देखने पर शहर अत्यंत आकर्षक दिखाई पड़ते हैं किन्तु अन्दर से उन सबकी भव्यता गलियों के संकरेपन एवं भीड़ की आपा-धापी में खो जाती है...' मुगलकालीन भारत के शहरों के संदर्भ में उपरोक्त कथन किसने दिया था-,फादर मोन्सरेट,सर थॉमस रो,पीटर मुंडी,टेवर्नियर,फादर मोन्सरेट
History,PYQ mix,निम्न में से किस इमारत में पीट्रा ड्यूरा का प्रथम बार प्रयोग किया गया-,बुलन्द दरवाया,हुमायूँ का मकबरा,एतमतुद्दौला का मकबरा,पंच महल,एतमतुद्दौला का मकबरा
History,PYQ mix,एक प्रत्यक्षदर्शी ने भारत की किस इमारत से उत्प्रेरित होकर कहा था कि 'उसे जन्नत से धरती पर उतारा गया है'?,दिल्ली के लाल किले का भवन,ताजमहल,हीरा महल,दिल्ली की जामा मस्जिद,दिल्ली के लाल किले का भवन
History,PYQ mix,किसने चित्रकार मीर सैय्यद अली और दसवन्त को संरक्षण दिया-,अकबर,जहाँगीर,शाहजहाँ,नूरजहाँ,अकबर
History,PYQ mix,1895 में स्थापित 'वेलबी आयोग' का उद्देश्य क्या था-,केन्द्र और प्रान्तीय सरकार के अधिकार क्षेत्र को परिभाषित करना।,भारत की आय और व्यय की जांच करना।,भारत सरकार और भारतीय रियासतों के बीच संबंध सुधारना।,भारत के लिए राज्य सचिव की शक्तियों को परिभाषित करना।,भारत की आय और व्यय की जांच करना।
History,PYQ mix,चलो जहाजी' का तात्पर्य क्या है-,सुभाष चन्द्र बोस का भारतीय नेवी के विद्रोहियों को किया आहवान।,गांधीजी द्वारा दक्षिणी अफीका के अप्रवासी भारतीयों को दिया गया आहवान।,एक पुस्तक का शीर्षक जिसकी विषयवस्तु करारबन्द मजदूरों का अप्रवासन है।,श्रमिक संघ का गोदी मजदूरों को किया गया आहवान।,एक पुस्तक का शीर्षक जिसकी विषयवस्तु करारबन्द मजदूरों का अप्रवासन है।
History,PYQ mix,किस ब्रिटिश अधिकारी ने बंगाल में जमींदारों के स्वामित्व संबंधी अधिकारों का विरोध किया-,कार्नवालिस,जेम्स ग्रांट,जॉन शोर,फिलिप फ्रांसिस,जेम्स ग्रांट
History,PYQ mix,भारत में धन के निष्कासन को 'अनिष्टों का अनिष्ट' की संज्ञा किसने दी-,महादेव गोविन्द रानाडे,दादाभाई नौरोजी,मौरिस डी. मौरिस,आर. पी दत्त,दादाभाई नौरोजी
History,PYQ mix,पॉवर्टी एंड अन ब्रिटिश रूल इन इंडिया किसके द्वारा लिखी गई है-,गोपाल कृष्ण गोखले,दिनश बाचा,दादाभाई नौरोजी,उपर्युक्त में से एक से अधिक,दादाभाई नौरोजी
History,PYQ mix,सबसे अधिक बोली लगाने वाले को भूमि-राजस्व वसूल करने का अधिकार देने की व्यवस्था का प्रारम्भ सर्वप्रथम किसने किया-,क्लाइव,वारेन हेस्टिंग्स,लॉर्ड वेलेजली,लॉर्ड कार्नवालिस,क्लाइव
History,PYQ mix,निम्नांकित में से सही विकल्प चुनें-,विभिन्न भूमि और राजस्व नीतियों के कारण भारतीय किसान अमीर हो गए।,ब्रिटिश भूमि और राजस्व नीतियों ने भारतीय किसानों को कर्जदार बना दिया,न्याय तंत्र ने अत्याचारियों के विरुद्ध खड़े होने में गरीबों की मदद की।,पारंपरिक जमींदारों और प्रमुखों से अंग्रेजों ने अच्छा व्यवहार किया।,ब्रिटिश भूमि और राजस्व नीतियों ने भारतीय किसानों को कर्जदार बना दिया
History,PYQ mix,उच्चतम बोली लगाने वाले को राजस्व एकत्र करने के अधिकार की नीलामी का वॉरेन हेस्टिंग्स प्रयोग लगभग के समान है-,विजयनगर साम्राज्य की पोलीगर प्रणाली,दिल्ली के सुल्तानों की इक्ता प्रणाली,मुगलों की जागी व्यवस्था,मुगलों की इजारा प्रणाली,मुगलों की इजारा प्रणाली
History,PYQ mix,निम्नलिखित में से कौन-सा युग्म गलत है-,स्थायी बंदोबस्त - बंगाल,रैयतवाड़ी - दक्कन,महलवाड़ी व्यवस्था - अवध,उपर्युक्त में से एक से अधिक,उपर्युक्त में से कोई नहीं
History,PYQ mix,"चिरस्थायी बंदोबस्त, 1793 के अंतर्गत जमींदारों से अपेक्षा की जाती थी कि वे खेतीहरों को पट्टा जारी करेंगे। अनेक जमींदारों ने पट्टा जारी नहीं किया। इसका कारण था-",जमींदारों के ऊपर किसानों का विश्वास था।,जमींदारों के ऊपर कोई सरकारी नियंत्रण नहीं था।,खेतीहरों की दिलचस्पी पट्टा प्राप्त करने में नहीं थी।,यह ब्रिटिश सरकार की जिम्मेदारी थी,खेतीहरों की दिलचस्पी पट्टा प्राप्त करने में नहीं थी।
History,PYQ mix,1855 का सहारनपुर कानून किससे संबंधित था-,न्याय,राजस्व,प्रेस,सेना,राजस्व
History,PYQ mix,बंगाल में स्थायी बंदोबस्त की शुरुआत किसने की थी-,लार्ड चार्ल्स कॉर्नवॉलिस,लार्ड रिचर्ड वेलेजली,वॉरेन हेस्टिंग्स,सर जॉन शोर,लार्ड चार्ल्स कॉर्नवॉलिस
History,PYQ mix,"कैनिंग-लॉरेंस स्कूल, मिल स्कूल और मेयो-नॉर्थब्रुक स्कूल किस प्रशासनिक विवाद से संबंधित हैं-",समाज-सुधारों से संबंधित अधिनियम।,"स्थायी बन्दोबस्त का क्रियान्वयन, जारी रहना और विस्तार।",नए क्षेत्रों में महालवाड़ी बन्दोबस्त की शुरुआत।,1857 के विद्रोह के बाद भारत के प्रति उदार दृष्टिकोण अपनाया जाना।,"स्थायी बन्दोबस्त का क्रियान्वयन, जारी रहना और विस्तार।"
History,PYQ mix,"अंग्रेज अपनी ही खरीदी भूमि पर और अपने ही खर्चे पर किसानों को मजदूरी देकर कृषि करते थे, उसे कहते थे-",रैयत कृषि,महाल कृषि,निज्बत कृषि,स्थाई कृषि,निज्बत कृषि
History,PYQ mix,निम्नलिखित में से किस भारतीय फैक्ट्री अधिनियम के अंतर्गत सभी श्रमिकों को साप्ताहिक अवकाश प्रदान किया गया था-,"प्रथम भारतीय फैक्ट्री अधिनियम, 1881","द्वितीय भारतीय फैक्ट्री अधिनियम, 1891","तृतीय भारतीय फैक्ट्री अधिनियम, 1901","चतुर्थ भारतीय फैक्ट्री अधिनियम, 1911","द्वितीय भारतीय फैक्ट्री अधिनियम, 1891"
History,PYQ mix,दादा भाई नौरोजी ने 1895 में किस आयोग के समक्ष भारत से 'धन के निष्कासन' (ड्रेन ऑफ वैल्थ) के मामले को प्रस्तुत किया था-,वेल्बी आयोग,मैकडोनाल्ड आयोग,स्ट्राची आयोग,प्रेषण आयोग (रेमिटेंस आयोग),वेल्बी आयोग
History,PYQ mix,किस व्यक्ति ने भू लगान को स्थायी रूप से निश्चित करने का पक्ष नहीं लिया था-,एलेक्जेंडर डो,हेनरी पतुलो,फिलिप फ्रांसिस,वारेन हेस्टिंग्स,वारेन हेस्टिंग्स
History,PYQ mix,"1871 में किसने कहा था ""मेरे विचार से इंग्लैंड के भारत से चले जाने और उसके स्वयं के हाल पर छोड देने से बड़ा संकट भारत के लिए कुछ और नहीं होगा।""-",बाल गंगाधर तिलक,एम.जी. रानाडे,दादा भाई नारौजी,विपिन चंद्र पाल,दादा भाई नारौजी
History,PYQ mix,स्थायी बन्दोबस्त के बारे में क्या सही नहीं है-,जमींदारों को मालिकाना अधिकार प्रदान किया गया।,सदा के लिए भूमि राजस्व निर्धारित कर दिया गया।,रैय्यत को मालिकाना अधिकार प्रदान किया गया।,दो गुनी दर पर राजस्व का निर्धारण किया गया।,रैय्यत को मालिकाना अधिकार प्रदान किया गया।
History,PYQ mix,रजत रे तथा रत्नलेखा रे ने ग्रामीण समाज पर स्थायी बन्दोबस्त (1793) के प्रभाव की व्याख्या हेतु निम्नलिखित में से किस अवधारणा/परिकल्पना को प्रतिपादित किया-,संस्कृतिकरण,जजमानी प्रणाली,एशियाई उत्पादन प्रणाली,जोतदार परिकल्पना,जोतदार परिकल्पना
History,PYQ mix,आंरभिक औपनिवेशिक शासन के दौरान शोरा के निर्माण का सर्वाधिक महत्वपूर्ण केन्द्र निम्नलिखित में से कौन सा था-,मैसूर,उत्तरी सिरचर,बिहार,बंगाल,बिहार
History,PYQ mix,निम्नलिखित में से किसको उत्तरी भारत में भूमि बंदोबस्त के जनक के रूप में जाना जाता है-,लॉर्ड कार्नवालिस,थॉमस मुनरो,हॉल्ट मैकेन्जी,मर्टिन्स बर्ड,मर्टिन्स बर्ड
History,PYQ mix,बंगाल के स्थायी बन्दोबस्त का विचार आगे बढ़ाने में निम्नलिखित में से कौन एक शामिल नहीं था-,एलेक्जेंडर डो,थॉमस लॉ,मोंटगोमरी मार्टिन,फिलिप फ्रांसिस,मोंटगोमरी मार्टिन
History,PYQ mix,निम्नलिखित में से किसके द्वारा भारत के रिसरा में 1855 में प्रथम जूट कताई मिल की स्थापना की गई थी-,रॉबर्ट ब्रूस,जॉर्ज हेन्डरसन,एन्ड्रयू युले,जॉर्ज ऑकलैंड,जॉर्ज ऑकलैंड
History,PYQ mix,निम्नलिखित कथनों में से कौन एक कथन स्थायी बन्दोबस्त की विशेषताओं में से नहीं है-,"इस व्यवस्था को बंगाल, बिहार और उड़ीसा में लागू किया गया था।","इसमें तीन पक्ष थे सरकार, जमींदार और रैयत।",इस व्यवस्था द्वारा भू-राजस्व स्थायी तौर पर सुनिश्चित कर दिया गया।,भू-राजस्व के रूप में एकत्रित की जाने वाली कुल राशि चार करोड़ रुपये निर्धारित की गई थी।,भू-राजस्व के रूप में एकत्रित की जाने वाली कुल राशि चार करोड़ रुपये निर्धारित की गई थी।
History,PYQ mix,निम्नांकित में से किस व्यवस्था का विरोध सर जॉन शोर द्वारा किया गया था-,स्थायी बन्दोबस्त,मूतादारी व्यवस्था,रैयतवाड़ी व्यवस्था,महालवाड़ी व्यवस्था,स्थायी बन्दोबस्त
History,PYQ mix,निम्नलिखित में से किसे 'स्थायी बन्दोबस्त का जनक' माना जाता है-,जॉन शोर,कोर्नवालिस,वारेन हेस्टिंग्स,फिलिप्स फ्रांसिस,फिलिप्स फ्रांसिस
History,PYQ mix,स्वतंत्र भारत का पहला भारतीय प्रोद्यौगिकी संस्थान. कहाँ स्थापित किया गया-,दिल्ली,रुड़की,खड़गपुर,बम्बई,खड़गपुर
History,PYQ mix,निम्नलिखित में से किसने कहा कि स्थायी बंदोबस्त एक दुखदायी व भयंकर भूल थी-,ईश्वरी प्रसाद,आर. सी. मजूमदार,सेटोन कार,टी. आर. होम्स,टी. आर. होम्स
History,PYQ mix,ईस्ट इण्डिया कम्पनी द्वारा बम्बई दक्खन में प्रथम राजस्व बन्दोबस्त किस वर्ष में प्रारम्भ किया-,1793,1765,1818,1875,1818
History,PYQ mix,"वर्ष 1831, में भारत में रेलवे के निर्माण का आरंभिक सुझाव किस स्थान पर दिया गया-",कलकत्ता,मद्रास,बांबे,दिल्ली,मद्रास
History,PYQ mix,बंगाल में भूमिकर की स्थायी व्यवस्था के लिए अंग्रेजी कंपनी ने समझौता किसके साथ किया—,किसानों के साथ,जमींदारों के साथ,ग्राम समुदायों के साथ,ग्राम मुखिया के साथ,जमींदारों के साथ
History,PYQ mix,1793 में लॉर्ड कार्नवालिस की भू व्यवस्था प्रणाली लागू होने के बाद कानूनी विवादों की प्रवृत्ति में बढ़ोतरी देखी गई थी। निम्नांकित प्रावधानों में से किस एक को सामान्यतया इसके कारक के रूप में जोड़ कर देखा जाता है-,रैयत की तुलना में जमींदार की स्थिति को अधिक सशक्त बनाना।,ईस्ट इंडिया कंपनी को जमींदारी का अधिपति बनाना।,न्यायिक पद्धति को अधिक कार्यकुशल बनाना।,उपरोक्त कथनों में से कोई भी सही नहीं है।,रैयत की तुलना में जमींदार की स्थिति को अधिक सशक्त बनाना।
History,PYQ mix,निम्नलिखित बन्दोबस्तों में से किसमें जमींदार भूराजस्व संग्रह कराने में मध्यस्थ व्यक्ति के रूप में था-,महालवाड़ी बन्दोबस्त,रैयतवाड़ी बन्दोबस्त,स्थायी बन्दोबस्त,इनमें से कोई नहीं,स्थायी बन्दोबस्त
History,PYQ mix,19 वीं शताब्दी में अपनायी गई संरक्षणात्मक नीति के बारे में निम्न में से कौन-सा कथन सत्य है-,पूंजीपतियों को उनके कारखानों पर पुलिस सुरक्षा प्रदान की गयी।,हर देश ने अपने यहां आयात शुल्क में कमी कर दी।,तमाम देशों ने अपने आयातित सामान पर भारी आयात शुल्क का बोझ डाला।,मजदूरों को वेतन सम्बन्धी असमानताओं के प्रति सुरक्षा प्रदान की गयी।,तमाम देशों ने अपने आयातित सामान पर भारी आयात शुल्क का बोझ डाला।
History,PYQ mix,रैयतवाड़ी भूमि बन्दोबस्त का प्रवर्तक कौन था-,थॉमस मुनरो,सर जॉन मैलकम,अलेक्जेण्डर रीड,थॉमस मुनरो,थॉमस मुनरो
History,PYQ mix,,,,,,

History,PYQ mix,,,,,,
